no,url,judul_dokumen,query_presiden,query_hoaks,query_ekonomi
1,https://www.liputan6.com/news/read/6317022/menhaj-sebut-persiapan-layanan-haji-2026-hampir-rampung,Menhaj Sebut Persiapan Layanan Haji 2026 Hampir Rampung,0,0,0
2,https://www.liputan6.com/news/read/6268683/gus-yahya-dukung-prabowo-gabung-dewan-perdamaian-gaza-kita-harus-hadir-di-semua-arena,Gus Yahya Dukung Prabowo Gabung Dewan Perdamaian Gaza Kita Harus Hadir di Semua Arena,1,0,0
3,https://www.liputan6.com/news/read/6268675/jokowi-respons-namanya-sering-disebut-di-kasus-korupsi-dari-tom-lembong-nadiem-sampai-kuota-haji,Jokowi Respons Namanya Sering Disebut di Kasus Korupsi dari Tom Lembong Nadiem sampai Kuota Haji,1,0,0
4,https://www.liputan6.com/news/read/6268634/polri-dalami-unsur-pidana-terkait-saham-gorengan-di-tengah-anjloknya-ihsg,Polri Dalami Unsur Pidana Terkait Saham Gorengan di Tengah Anjloknya IHSG,0,0,1
5,https://www.liputan6.com/news/read/6268670/gus-yahya-klaim-masalah-dengan-rais-aam-pbnu-selesai-kita-lihat-nu-guyub-lagi,Gus Yahya Klaim Masalah dengan Rais Aam PBNU Selesai Kita Lihat NU Guyub Lagi,0,0,0
6,https://www.liputan6.com/news/read/6268635/gus-yahya-saya-sama-sekali-tidak-terkait-kasus-kuota-haji,Gus Yahya Saya Sama Sekali Tidak Terkait Kasus Kuota Haji,0,0,0
7,https://www.liputan6.com/news/read/6268669/jokowi-akui-ada-pembicaraan-khusus-dengan-prabowo-di-taman-mini-ini-yang-dibahas,Jokowi Akui Ada Pembicaraan Khusus dengan Prabowo di Taman Mini Ini yang Dibahas,1,0,0
8,https://www.liputan6.com/news/read/6298543/gempa-hari-ini-minggu-15-maret-2026-dua-kali-getarkan-indonesia-dini-hari-tadi,Gempa Hari Ini Minggu 15 Maret 2026 Dua Kali Getarkan Indonesia Dini Hari Tadi,0,0,0
9,https://www.liputan6.com/news/read/6289528/ganjil-genap-jakarta-berlaku-selasa-3-maret-2026-jangan-sampai-salah-jadwal-dan-pelat-nomor,Ganjil Genap Jakarta Berlaku Selasa 3 Maret 2026 Jangan Sampai Salah Jadwal dan Pelat Nomor,0,0,0
10,https://www.liputan6.com/bisnis/read/6317597/perempuan-penggerak-desa-cerita-mantri-bri-di-lombok-yang-berdayakan-ekonomi-masyarakat-sekitar,Perempuan Penggerak Desa Cerita Mantri BRI di Lombok yang Berdayakan Ekonomi Masyarakat Sekitar,0,0,1
11,https://www.liputan6.com/bisnis/read/6317582/minyakita-langka-mendag-dmo-65-persen-masih-memungkinkan,Minyakita Langka Mendag DMO 65 Persen Masih Memungkinkan,0,0,0
12,https://www.liputan6.com/bisnis/read/6317512/menteri-ara-penguasaan-aset-negara-oleh-pihak-lain-bakal-ditindak,Menteri Ara Penguasaan Aset Negara oleh Pihak Lain Bakal Ditindak,0,0,1
13,https://www.liputan6.com/bisnis/read/6317510/jangan-cuma-wfh-mti-usul-pemerintah-gratiskan-angkutan-umum,Jangan Cuma WFH MTI Usul Pemerintah Gratiskan Angkutan Umum,0,0,1
14,https://www.liputan6.com/bisnis/read/6317482/bantah-klaim-hercules-menteri-ara-tegaskan-lahan-rusun-tanah-abang-aset-negara,Bantah Klaim Hercules Menteri Ara Tegaskan Lahan Rusun Tanah Abang Aset Negara,0,0,0
15,https://www.liputan6.com/bisnis/read/6317498/harga-emas-perhiasan-hari-ini-16-april-2026-simak-daftar-lengkap-di-sini,Harga Emas Perhiasan Hari Ini 16 April 2026 Simak Daftar Lengkap di Sini,0,0,0
16,https://www.liputan6.com/bisnis/read/6317270/harga-emas-antam-hari-ini-16-april-2026-lebih-murah-rp-5000-simak-rinciannya-di-sini,Harga Emas Antam Hari Ini 16 April 2026 Lebih Murah Rp 5000 Simak Rinciannya di Sini,0,0,0
17,https://www.liputan6.com/bisnis/read/6316639/imf-prediksi-pertumbuhan-ekonomi-indonesia-sentuh-5-pada-2026,IMF Prediksi Pertumbuhan Ekonomi Indonesia Sentuh 5 Persen pada 2026,0,0,1
18,https://www.liputan6.com/bisnis/read/6316509/update-harga-emas-perhiasan-hari-ini-15-april-2026-mulai-5-karat-hingga-24-karat,Update Harga Emas Perhiasan Hari Ini 15 April 2026 Mulai 5 Karat Hingga 24 Karat,0,0,0
19,https://www.liputan6.com/bisnis/read/6315357/cek-kalender-libur-nasional-2026-dan-jadwal-cuti-bersama,Cek Kalender Libur Nasional 2026 dan Jadwal Cuti Bersama,0,0,0
20,https://www.liputan6.com/bisnis/read/6309792/daftar-harga-bbm-pertamina-terbaru-pertamax-termurah-dijual-rp-11750-per-liter,Daftar Harga BBM Pertamina Terbaru Pertamax Termurah Dijual Rp 11750 per Liter,0,0,0
21,https://www.liputan6.com/news/read/6316637/siap-siap-bmkg-sebut-kemarau-2026-datang-lebih-awal-puncaknya-agustus,Siap-Siap BMKG Sebut Kemarau 2026 Datang Lebih Awal Puncaknya Agustus,0,0,0
22,https://www.liputan6.com/otomotif/read/6315499/turun-lagi-penjualan-mobil-maret-2026-terkoreksi-24-persen,Turun Lagi Penjualan Mobil Maret 2026 Terkoreksi 24 Persen,0,0,1
23,https://www.liputan6.com/regional/read/6310416/bangun-ekonomi-lokal-pemkot-semarang-gelar-beragam-event-olahraga,Bangun Ekonomi Lokal Pemkot Semarang Gelar Beragam Event Olahraga,0,0,1
24,https://www.liputan6.com/bisnis/read/6248199/siap-siap-5-aturan-baru-ini-akan-berlaku-mulai-2026,Siap-Siap 5 Aturan Baru Ini akan Berlaku Mulai 2026,0,0,1
25,https://www.liputan6.com/cek-fakta/read/6296360/meta-diminta-lebih-tegas-awasi-video-ai-palsu-saat-konflik-global,Meta Diminta Lebih Tegas Awasi Video AI Palsu saat Konflik Global,0,1,0
26,https://www.liputan6.com/cek-fakta/read/6296327/cek-fakta-tidak-benar-link-pendaftaran-bantuan-budidaya-ikan-air-tawar-dari-pemerintah,Cek Fakta Tidak Benar Link Pendaftaran Bantuan Budidaya Ikan Air Tawar dari Pemerintah,0,1,0
27,https://www.liputan6.com/cek-fakta/read/6295592/ragam-hoaks-catut-nama-kemenag-dari-aturan-pakaian-dinas-hingga-batasi-takbiran,Ragam Hoaks Catut Nama Kemenag dari Aturan Pakaian Dinas hingga Batasi Takbiran,0,1,0
28,https://www.liputan6.com/cek-fakta/read/6295924/ragam-hoaks-bantuan-ternak-dari-pemerintah-simak-faktanya,Ragam Hoaks Bantuan Ternak dari Pemerintah Simak Faktanya,0,1,0
29,https://www.liputan6.com/health/read/6317055/putus-rantai-tuberkulosis-keluarga-pasien-perlu-skrining-tb,Putus Rantai Tuberkulosis Keluarga Pasien Perlu Skrining TB,0,0,0
30,https://www.liputan6.com/health/read/6316952/tak-sekadar-label-aturan-baru-kemenkes-ini-bisa-selamatkan-jutaan-orang-dari-diabetes,Tak Sekadar Label Aturan Baru Kemenkes Ini Bisa Selamatkan Jutaan Orang dari Diabetes,0,0,0
31,https://www.liputan6.com/showbiz/read/6306807/bahagianya-ahy-kini-jadi-ayah-2-anak-kenang-momen-sby-jenguk-cucu-di-sela-tugas-negara,Bahagianya AHY Kini Jadi Ayah 2 Anak Kenang Momen SBY Jenguk Cucu di Sela Tugas Negara,1,0,0
32,https://www.liputan6.com/showbiz/read/6306801/jawaban-ahy-ditanya-soal-masa-depan-arjuna-hanyokrokusumo-yudhoyono-ke-militer-atau-politik,Jawaban AHY Ditanya Soal Masa Depan Arjuna Hanyokrokusumo Yudhoyono ke Militer atau Politik,1,0,0
33,https://www.liputan6.com/showbiz/read/6306767/ahy-ungkap-reaksi-almira-tunggadewi-sambut-kelahiran-adik-sempat-pasrah-jadi-anak-tunggal,AHY Ungkap Reaksi Almira Tunggadewi Sambut Kelahiran Adik Sempat Pasrah Jadi Anak Tunggal,0,0,0
34,https://www.liputan6.com/showbiz/read/6306732/annisa-pohan-melahirkan-anak-kedua-setelah-menanti-17-tahun-ahy-sanjung-perjuangan-istri,Annisa Pohan Melahirkan Anak Kedua setelah Menanti 17 Tahun AHY Sanjung Perjuangan Istri,0,0,0
35,https://www.liputan6.com/saham/read/6316551/telkom-batalkan-rupslb-24-april-2026-jadwal-baru-menyusul,Telkom Batalkan RUPSLB 24 April 2026 Jadwal Baru Menyusul,0,0,0
36,https://www.liputan6.com/saham/read/6316633/catat-ini-7-agenda-penting-rups-wton-di-mei-2026,Catat Ini 7 Agenda Penting RUPS WTON di Mei 2026,0,0,0
37,https://www.liputan6.com/cek-fakta/read/6317423/cek-fakta-tidak-benar-link-pendaftaran-rekrutmen-pegawai-koperasi-desa-merah-putih-2026,Cek Fakta Tidak Benar Link Pendaftaran Rekrutmen Pegawai Koperasi Desa Merah Putih 2026,0,1,0
38,https://www.liputan6.com/cek-fakta/read/6316563/kenali-ragam-hoaks-terkait-pertamina-awas-ada-jebakan-yang-merugikan,Kenali Ragam Hoaks Terkait Pertamina Awas Ada Jebakan yang Merugikan,0,1,0
39,https://www.liputan6.com/cek-fakta/read/6316667/meta-didesak-filipina-untuk-tindak-konten-hoaks-dan-provokatif,Meta Didesak Filipina untuk Tindak Konten Hoaks dan Provokatif,0,1,0
40,https://www.liputan6.com/cek-fakta/read/6316996/hoaks-terkait-transjakarta-simak-daftarnya,Hoaks Terkait TransJakarta Simak Daftarnya,0,1,0
41,https://www.liputan6.com/cek-fakta/read/6316811/kumpulan-artikel-hoaks-yang-sempat-viral-di-masyarakat-simak-daftarnya,Kumpulan Artikel Hoaks yang Sempat Viral di Masyarakat Simak Daftarnya,0,1,0
42,https://www.liputan6.com/cek-fakta/read/6268304/deretan-hoaks-yang-dikaitkan-dengan-kejagung-simak-daftarnya,Deretan Hoaks yang Dikaitkan dengan Kejagung Simak Daftarnya,0,1,0
43,https://www.liputan6.com/hot/read/6254498/hari-lingkungan-hidup-nasional-2026-momentum-krusial-untuk-pelestarian-alam-indonesia,Hari Lingkungan Hidup Nasional 2026 Momentum Krusial untuk Pelestarian Alam Indonesia,0,0,0
